,by,descendants,id,kids,score,time,title,type,url,text
0,mroche,114.0,38565651,"[38566669, 38567484, 38567910, 38566587, 38567948, 38567964, 38566569, 38567003, 38567844, 38566778, 38567551, 38566614, 38567569, 38567991, 38566384, 38567456, 38567601, 38567510, 38567911, 38567165, 38567133, 38567061, 38565652, 38566681, 38567328, 38566755, 38567335, 38567093, 38566734, 38567730, 38567410, 38567673, 38567686, 38567535, 38566408, 38566989, 38565944, 38567251, 38566889]",254,1702011830,Kagi Search – Paywalled articles indicator and improved weather widget,story,https://kagi.com/changelog,
1,GruHe,2.0,38567687,"[38567949, 38567688]",14,1702034436,"Dieselgate, but for trains – some heavyweight hardware hacking",story,https://badcyber.com/dieselgate-but-for-trains-some-heavyweight-hardware-hacking/,
2,indigodaddy,51.0,38565629,"[38568013, 38566158, 38565819, 38567803, 38565826, 38566225, 38567651, 38567154, 38566215, 38567122, 38567218, 38566652, 38566261, 38566464, 38566561, 38566040, 38567552, 38567487, 38566450, 38566999, 38567009]",101,1702011574,Reviving decade-old Macs with antiX and MX Linux (2022),story,https://sts10.github.io/2022/12/14/antix-on-2008-macbook-5-1.html,
3,gHeadphone,14.0,38567745,"[38568027, 38568015, 38568000, 38567993, 38567883]",16,1702034923,"Beyond ""Abolish the FDA""",story,https://www.astralcodexten.com/p/beyond-abolish-the-fda,
4,vwoolf,79.0,38562939,"[38565695, 38566149, 38567891, 38563107, 38566956, 38567451, 38565742, 38565271, 38567813, 38565269, 38566814, 38566436, 38566341, 38567121, 38567899, 38565250, 38567558, 38566109, 38567529, 38566378, 38566667, 38565410, 38565919, 38565648, 38566763, 38565613]",193,1701989744,A genetically modified bacterium that outcompetes bacteria causing tooth decay,story,https://www.astralcodexten.com/p/defying-cavity-lantern-bioworks-faq,
5,yjallouli,,38567944,,1,1702036809,Rollstack (YC W23) is hiring a senior software engineer in Brazil,job,https://www.ycombinator.com/companies/rollstack-2/jobs,
6,pconst167,19.0,38564286,"[38567790, 38566494, 38567316, 38567731, 38567501, 38567145, 38567191, 38566291, 38567178, 38565316, 38565057, 38565667, 38564932, 38565261, 38565799]",111,1701999159,Show HN: Homebrew 16bit CPU from 74HC logic with C compiler and Unix-like OS,story,http://www.sol-1.org/index.php,"This is a 16bit CPU+Minicomputer from pure 74 series logic. It has user&#x2F;kernel modes, virtual memory, prioritized IRQ&#x27;s and DMA. It has a full C compiler and a unix-like OS. It&#x27;s still in development."
7,geox,39.0,38555655,"[38564797, 38567859, 38567937, 38565251, 38567724, 38567889, 38566163, 38567550, 38567533, 38564868, 38565637, 38566038, 38564867, 38565543, 38565741]",114,1701952561,Electric eel’s zap can transfer genes to nearby animals,story,https://www.nagoya-u.ac.jp/researchinfo/result-en/2023/12/20231207-01.html,
8,pabs3,0.0,38566697,,8,1702024807,The Internet Shutdown Game,story,https://shutdowngame.apc.org/,
9,NeroVanbierv,9.0,38567397,"[38567908, 38567914, 38567902, 38567797, 38567930]",21,1702031409,"X.com is Twitter, but what are [a-z].com?",story,https://nerology.substack.com/p/xcom-is-twitter-but-what-are-a-zcom,
10,cglong,33.0,38563627,"[38564500, 38567468, 38564044, 38567613, 38564676, 38564476, 38564486, 38564112, 38565625, 38566419, 38564384, 38564381, 38564369, 38564291, 38565811]",120,1701993987,The Omnichord will be re-produced to commemorate our 70th anniversary,story,https://suzukimusic-global.com/products_single.php?parent_cate_cd=3&products_cate_cd=34&products_cd=315,
11,kiyanwang,143.0,38566235,"[38566920, 38567050, 38566648, 38567071, 38566779, 38567680, 38567890, 38566621, 38566297, 38567162, 38567409, 38566659, 38566643, 38566803, 38567001, 38566808, 38567222, 38566787, 38567607, 38566922, 38566782, 38567499, 38566946, 38567629, 38566897, 38567375, 38566707, 38567415, 38567254, 38566758, 38566843, 38567063, 38567394, 38567339, 38566622, 38566701, 38567361, 38567271, 38566662, 38566768, 38567235, 38567617, 38566575, 38566818, 38566846, 38566735, 38567064, 38567084, 38567242, 38567194, 38566536, 38566761, 38566664, 38566739]",179,1702019535,"Goodbye, Clean Code",story,https://overreacted.io/goodbye-clean-code/,
12,bibanez,27.0,38566475,"[38567705, 38567615, 38567590, 38567675, 38567184, 38567830, 38567010]",63,1702022430,Baldur's Gate 3 Wins Game of the Year at the Game Awards,story,https://www.nytimes.com/2023/12/07/arts/game-awards-winners-list.html,
13,DamonHD,382.0,38555115,"[38566236, 38567760, 38566193, 38564512, 38567922, 38561658, 38567123, 38566833, 38567746, 38563033, 38563226, 38565019, 38561797, 38566950, 38562355, 38561881, 38561589, 38564620, 38563951, 38563677, 38561984, 38561638, 38565193, 38561484, 38565541, 38563697, 38561601, 38566102, 38565188, 38563282, 38564216]",387,1701947066,Fairphone 5: Keeping it 10/10?,story,https://www.ifixit.com/News/87664/fairphone-5-keeping-it-10-10,
14,tptacek,132.0,38558423,"[38561615, 38566638, 38562923, 38559609, 38566972, 38559513, 38560615, 38559766, 38560081, 38561891, 38559451, 38561850, 38559741, 38561350, 38565734, 38563836, 38561794, 38559396, 38559578, 38565975, 38560300, 38563309, 38560098, 38561667, 38564447, 38560769, 38560164, 38565422, 38563387, 38561242, 38559205]",346,1701966970,A lost X-Files song,story,https://twitter.com/laurenancona/status/1731900441800155459,
15,apsec112,83.0,38562558,"[38565889, 38564177, 38563648, 38566432, 38567771, 38564127, 38563274, 38563798, 38566219, 38563371, 38567007, 38566838, 38565815, 38564602]",131,1701987255,How Many Hobbits? A Demographic Analysis of Middle Earth,story,https://medium.com/@lymanstone/how-many-hobbits-a-demographic-analysis-of-middle-earth-cd53b91d141f,
16,pndy,12.0,38542101,"[38564076, 38565441, 38567401, 38564686, 38564363, 38542181]",82,1701856366,"WikEM, the Global Emergency Medicine Wiki",story,https://wikem.org/wiki/Main_Page,
17,phil9l,0.0,38567074,,7,1702028324,Gaussian Head Avatar: Ultra High-Fidelity Head Avatar via Dynamic Gaussians,story,https://yuelangx.github.io/gaussianheadavatar/,
18,sebg,43.0,38564808,"[38567917, 38566978, 38565270, 38565505, 38566049, 38566666, 38566358, 38565746, 38565990, 38567544]",136,1702003528,We investigated France's mass profiling machine,story,https://www.lighthousereports.com/methodology/how-we-investigated-frances-mass-profiling-machine/,
19,isaacfrond,7.0,38567424,"[38567781, 38567774, 38567878, 38567481, 38567839]",23,1702031612,Tesla loses legal action in Sweden as dispute with Nordic unions escalates,story,https://www.theguardian.com/technology/2023/dec/07/tesla-loses-legal-action-sweden-nordic-unions-licence-plates-collective-bargaining,
20,dimmke,80.0,38559607,"[38560671, 38560045, 38559761, 38567854, 38561926, 38560117, 38564811, 38562032, 38562639, 38564052, 38567282, 38560677, 38560066, 38561945, 38560406, 38561844, 38566133, 38560479, 38559867, 38561228]",418,1701972296,Making noisy SVGs,story,https://daniel.do/article/making-noisy-svgs/,
21,todsacerdoti,10.0,38556162,"[38567391, 38566636, 38565957, 38566455, 38565883, 38565529, 38566444, 38566012]",38,1701956624,The Shunting-Yard Algorithm (2011),story,https://www.reedbeta.com/blog/the-shunting-yard-algorithm/,
22,ingen0s,6.0,38555294,"[38567352, 38565147, 38555295, 38565426]",33,1701948855,Exploring Quantum Computing with JavaScript: A Beginner's Guide,story,https://medium.com/@yourfuse/exploring-quantum-computing-with-javascript-a-beginners-guide-d29a4af15ec7,
23,teleforce,3.0,38555417,"[38565704, 38565922]",20,1701950099,Radio Architecture Matters: A Review of RF Sampling vs. Zero-IF,story,https://www.analog.com/en/technical-articles/radio-architecture-matters.html,
24,curiousObject,0.0,38556169,,11,1701956670,The Right Chemistry: Reflections on the manufacture of mirrors (2022),story,https://montrealgazette.com/opinion/columnists/the-right-chemistry-reflections-on-the-manufacture-of-mirrors,
25,thunderbong,56.0,38537545,"[38561220, 38563340, 38561491, 38561594, 38561124, 38563365, 38562530, 38561333, 38565657, 38562367, 38562912, 38562287, 38562266, 38565934, 38564432, 38561184]",254,1701813683,Jets: Ruby Serverless Framework,story,https://docs.rubyonjets.com/,
26,tomhazledine,15.0,38554994,"[38567288, 38567644, 38567661, 38566537, 38563881]",55,1701945826,Show HN: My related-posts finder script (with LLM and GPT4 enhancement),story,https://tomhazledine.com/llm-related-posts/,"I&#x27;ve open-sourced the script I use to find related blog posts (and to describe <i>why</i> they&#x27;re similar).<p>Works on any set of markdown articles, so should fit into any SSG workflow.<p>Uses embeddings to calculate the similarities, and GPT4 to add descriptive text."
27,sohkamyung,74.0,38543133,"[38562518, 38564173, 38543400, 38562696, 38564099, 38566026, 38563064, 38565035, 38563191, 38564332, 38565399, 38564562, 38563066]",234,1701866842,Conway's Game of Life is omniperiodic,story,https://arxiv.org/abs/2312.02799,
28,dmotz,1563.0,38544729,"[38547486, 38547323, 38545663, 38545430, 38545113, 38545203, 38546464, 38546562, 38548351, 38545012, 38545010, 38545044, 38546054, 38546046, 38546447, 38544877, 38544957, 38552471, 38545245, 38545654, 38546159, 38546006, 38545429, 38545220, 38552399, 38545081, 38545068, 38546384, 38548739, 38545018, 38544821, 38545050, 38551570, 38546963, 38544997, 38545326, 38545551, 38545848, 38546344, 38545073, 38545375, 38545810, 38547434, 38546275, 38545669, 38566998, 38545007, 38547079, 38547414, 38544994, 38547387, 38546388, 38546477, 38545103, 38551526, 38545982, 38545057, 38544940, 38555702, 38546463, 38557554, 38547392, 38547791, 38551124, 38544941, 38553019, 38549425, 38549166, 38547467, 38546036, 38544863, 38546113, 38546241, 38549953, 38565201, 38558903, 38548294, 38553828, 38551886, 38547962, 38551880, 38545516, 38546590, 38563846, 38549442, 38549749, 38550681, 38545168, 38560497, 38562943, 38545030, 38546566, 38546559, 38547365, 38547425, 38545095, 38548427, 38546256, 38546095, 38547001, 38546356, 38545609, 38544969, 38547054, 38551539, 38550081, 38544951, 38552494, 38551532, 38547204, 38554111, 38548056, 38551947, 38548052, 38548406, 38552030, 38547362, 38547028, 38545971, 38553391, 38544896, 38548608, 38552978, 38549601, 38547019, 38552338, 38549712, 38545069, 38545955, 38547222, 38547661, 38550609, 38547662, 38550713, 38548411, 38549170, 38548272, 38545572, 38545161, 38544939, 38551110, 38544929, 38545466, 38545389, 38546226, 38550927, 38550710, 38555320, 38547521, 38547145, 38547301, 38548889, 38552557, 38545898, 38551117, 38546428, 38558034, 38546405, 38547443, 38549288, 38545179, 38545233, 38546928, 38545254, 38545089, 38547217, 38552180, 38546719, 38545172, 38548386, 38545330, 38545750, 38547052, 38552394, 38545494, 38547672, 38547415, 38547173, 38547494, 38549870, 38548177, 38548757, 38551046, 38548621, 38549473, 38545082, 38550367, 38545311, 38547800, 38547773, 38544989, 38548641, 38551508, 38546064, 38545127, 38544943, 38549533, 38546138, 38545129, 38555793, 38545009, 38552170, 38551387, 38549028, 38545021, 38552633, 38553821, 38553366, 38552840, 38551814, 38556537, 38551697, 38551408, 38551079, 38550986, 38550613, 38549689, 38548884, 38548482, 38547678, 38547185, 38547109, 38547056, 38547013, 38546379, 38546084, 38545991, 38545889, 38545713, 38550158, 38545231, 38548693, 38545604, 38546937, 38547029, 38545403, 38546631, 38553105, 38544901, 38545325, 38545123, 38545159, 38547519, 38545932, 38558117, 38552726, 38548796, 38548670, 38545465, 38547044, 38556149, 38544831, 38547464, 38547465, 38545001, 38546775, 38545801, 38548065, 38551474, 38545058, 38563392]",2029,1701875027,Gemini AI,story,https://deepmind.google/technologies/gemini/,
29,darthShadow,127.0,38559192,"[38560664, 38560745, 38565080, 38562216, 38560458, 38563278, 38561727, 38561902, 38562437, 38560751, 38560394, 38564163, 38562450, 38565535, 38563540, 38565482, 38561015, 38565377, 38562804, 38564436]",266,1701970190,Choose your own IP,story,https://tailscale.com/blog/choose-your-ip/,
30,Vagantem,335.0,38542225,"[38560065, 38560633, 38559801, 38559965, 38563960, 38559759, 38559790, 38561464, 38564321, 38559981, 38561595, 38559632, 38559466, 38559983, 38559960, 38562523, 38559997, 38560027, 38560054, 38559842, 38560582, 38564365, 38559568, 38565563, 38559901, 38566570, 38566313, 38566029, 38560271, 38559492, 38564117, 38564832, 38562393, 38563112, 38561227, 38560401, 38562649, 38561582, 38564039, 38567209, 38562427, 38560727, 38559908, 38559527, 38560637, 38559827]",349,1701858037,The economics of all-you-can-eat buffets (2020),story,https://thehustle.co/the-economics-of-all-you-can-eat-buffets/,
31,toomuchtodo,395.0,38557203,"[38564545, 38562786, 38563506, 38562017, 38557866, 38557592, 38558252, 38558147, 38558317, 38562265, 38565278, 38557756, 38567037, 38567274, 38567170, 38564389, 38566839, 38562798, 38558095, 38562957, 38558193, 38558364, 38558198, 38557812, 38558233, 38557738]",261,1701961830,Tesla shares 48V architecture with other automakers,story,https://electrek.co/2023/12/07/tesla-shares-48v-architecture-with-other-automakers-to-move-the-industry/,
32,sebg,41.0,38557715,"[38560024, 38563644, 38565504, 38559194, 38557872, 38558758, 38561469, 38562262]",283,1701964309,Data Engineering Design Patterns,story,https://www.dedp.online/,
33,_xerces_,44.0,38550737,"[38567769, 38552341, 38552088, 38551540, 38553291, 38553883, 38555585, 38562110, 38557026, 38551785, 38552646, 38556682, 38555661, 38552495, 38551576, 38551538, 38551521, 38553140, 38551435]",213,1701904104,Behind the scenes of Sound ID in Merlin – Identify birds using your phone (2021),story,https://www.macaulaylibrary.org/2021/06/22/behind-the-scenes-of-sound-id-in-merlin/,
34,sohkamyung,13.0,38542905,"[38567815, 38564171, 38566322, 38563927, 38564306]",28,1701865366,Unlocking the secrets of oobleck–strange stuff that's both liquid and solid,story,https://arstechnica.com/science/2023/12/unlocking-the-secrets-of-oobleck-strange-stuff-thats-both-liquid-and-solid/,
35,tosh,182.0,38557246,"[38557497, 38558582, 38557489, 38558666, 38557587, 38559112, 38563092, 38557452, 38559625, 38565285, 38559426, 38558642, 38557574, 38567454, 38563663, 38557529, 38557377, 38558577, 38561550, 38559418, 38559615, 38557732]",259,1701962036,"Fake chips, I got stung",story,https://linuxjedi.co.uk/2023/12/01/fake-chips-i-got-stung/,
36,rookie123,23.0,38565784,"[38566918, 38567734, 38567562, 38567019, 38567568, 38566955, 38566764, 38566154, 38566498, 38566338, 38566565, 38567443, 38566982, 38566966, 38566477, 38566976, 38566894, 38566362, 38566933]",21,1702013750,Life Changing Books on Sex and Relationships,story,,"Hey fellow HN,
2 years back I asked books which changed your life most and got a massive response.<p>Since then, I have been thinking about asking the question for Sex and Relationships.
So here we are, please share the most impactful book you have read on Sex&#x2F;Relationships.<p>Additional caveat, good if you can add your gender and relationship status along with your answer for betterment of other readers."
37,adunk,47.0,38556261,"[38562051, 38560946, 38567700, 38561939, 38561274, 38561442, 38564879, 38562564, 38563879, 38561267, 38561613, 38560227, 38567040]",135,1701957186,"Chipsynth C64 is an emulation of the SID so good, it can replace hardware",story,https://cdm.link/2023/12/chipsynth-c64/,
38,todsacerdoti,235.0,38554393,"[38558679, 38557382, 38556774, 38560770, 38557471, 38557091, 38558323, 38565849, 38558231, 38559075, 38561334, 38562036, 38563337, 38559904, 38555678, 38561693, 38558790, 38556748, 38555803, 38557310, 38558427]",120,1701939824,A Schism in the OpenPGP World,story,https://lwn.net/SubscriberLink/953797/7222cd75661fb888/,
39,gattilorenz,0.0,38567044,,5,1702028017,Tuskegee Syphilis Study,story,https://en.wikipedia.org/wiki/Tuskegee_Syphilis_Study,
40,kermitdekikker,81.0,38565801,"[38566765, 38566711, 38567732, 38566571, 38566760, 38566769, 38566588, 38566861, 38566858, 38566862, 38567367, 38566592, 38567447, 38566733, 38566613, 38565831]",60,1702014000,Average distance to a supermarket in Amsterdam is 400 meter or 1300 feet,story,https://www.oozo.nl/nabije-voorzieningen/amsterdam,
41,contact9879,373.0,38552789,"[38553082, 38554135, 38553581, 38555412, 38566713, 38553686, 38553985, 38552867, 38556566, 38553749, 38556773, 38552937, 38552586, 38553312, 38553662, 38554952, 38553246, 38554287, 38553861, 38554876, 38557291, 38554742, 38553204, 38553807, 38553320, 38558700, 38555176, 38555525, 38558422, 38560965, 38555821, 38553144, 38561425, 38552755, 38559543, 38553814, 38554894, 38554500, 38554438, 38554004, 38555213, 38553308, 38552583, 38556137, 38553143, 38553701, 38552474, 38556364, 38553021, 38553912, 38553361, 38552940, 38553025]",283,1701922911,Building end-to-end security for Messenger,story,https://engineering.fb.com/2023/12/06/security/building-end-to-end-security-for-messenger/,
42,tplrbv,0.0,38564526,,5,1702001078,Pearl – A Production-Ready Reinforcement Learning AI Agent Library from Meta,story,https://pearlagent.github.io/,
43,anjakefala,25.0,38559655,"[38565570, 38563902, 38560742, 38561768, 38567545, 38560368, 38563190, 38565023, 38564917, 38562768, 38564190, 38567212, 38563884, 38562844, 38563672]",181,1701972547,Hanukkah of Data: Practice your data skills with 8 free data puzzles,story,https://hanukkah.bluebird.sh/5784/,
44,safaa1993,137.0,38562946,"[38563832, 38563290, 38563382, 38563851, 38566860, 38566155, 38564128, 38563864, 38563844, 38564376, 38564098, 38563789, 38563727, 38563536, 38563255, 38563220]",178,1701989780,"Greedflation: Corporate profiteering 'significantly' boosted global prices,study",story,https://www.theguardian.com/business/2023/dec/07/greedflation-corporate-profiteering-boosted-global-prices-study,
45,my12parsecs,193.0,38557054,"[38559163, 38561140, 38563667, 38559123, 38561766, 38563647, 38559778, 38559097, 38565092, 38559917, 38562312, 38565556, 38565598, 38562025, 38560809, 38565639, 38562944, 38565943, 38559553, 38560978, 38561465, 38559713, 38565727, 38564657, 38562423, 38559229, 38559445, 38559572]",317,1701961043,Meta's new AI image generator was trained on 1.1B Instagram and FB photos,story,https://arstechnica.com/information-technology/2023/12/metas-new-ai-image-generator-was-trained-on-1-1-billion-instagram-and-facebook-photos/,
46,apsec112,569.0,38559582,"[38563760, 38562092, 38561037, 38566831, 38562248, 38561020, 38560628, 38560304, 38560558, 38560228, 38561734, 38566359, 38559956, 38561098, 38560405, 38567787, 38560805, 38560970, 38566474, 38560844, 38560693, 38561032, 38559758, 38565987, 38560259, 38566438, 38563355, 38560234, 38561399, 38561135, 38566939, 38566990, 38565814, 38565069, 38561345, 38561084, 38562361, 38562086, 38560907, 38561301, 38566546, 38561271, 38566039, 38560816, 38562119, 38563133, 38562621, 38561877, 38563239, 38560962, 38560335, 38561611, 38562402, 38561250, 38563169, 38561515, 38560657, 38561845, 38560363, 38563049, 38564618, 38561603, 38562832, 38562578, 38563310, 38562244, 38563505, 38561196, 38564018, 38561800, 38564305, 38562343, 38562257, 38561160, 38561097, 38560604, 38560484, 38560342, 38560246, 38565624, 38562154, 38561456, 38561668, 38561276, 38563679, 38560667, 38561468, 38560730]",923,1701972222,"Gemini ""duck"" demo was not done in realtime or with voice",story,https://twitter.com/parmy/status/1732811357068615969,
47,amrrs,298.0,38556771,"[38557923, 38557400, 38556908, 38558918, 38557158, 38558015, 38557200, 38565387, 38556896, 38565847, 38557440, 38556881, 38557014, 38556932, 38557500, 38557632, 38562539, 38557978, 38556929, 38560166, 38564826, 38559670, 38558781, 38557035, 38558776, 38558981, 38557055, 38564090, 38557226, 38559737, 38559860, 38560393]",326,1701959747,Purple Llama: Towards open trust and safety in generative AI,story,https://ai.meta.com/blog/purple-llama-open-trust-safety-generative-ai/,
48,yurisagalov,29.0,38559139,"[38561489, 38566743, 38563297, 38561349, 38566752, 38563263, 38561977, 38562201, 38561297, 38561744]",120,1701969894,Standard Webhooks: open-source tools and guidelines for sending webhooks,story,https://github.com/standard-webhooks/standard-webhooks,
49,ronron4693,9.0,38564359,"[38565961, 38567192, 38566404, 38564529]",48,1701999756,"Google launched a new AI, and has already admitted at least one demo wasn't real",story,https://www.theverge.com/2023/12/7/23992737/google-gemini-misrepresentation-ai-accusation,
50,roborovskis,37.0,38559672,"[38560773, 38561867, 38561692, 38562129, 38559900, 38561622, 38561864, 38560739, 38561100, 38560774, 38560466]",113,1701972621,StableLM Zephyr 3B,story,https://stability.ai/news/stablelm-zephyr-3b-stability-llm,
51,tosh,35.0,38559247,"[38564689, 38566005, 38560614, 38564288, 38562465, 38559639, 38567091, 38565433, 38566617, 38561428, 38566388, 38563313, 38566304, 38561478, 38560152, 38561280, 38566504, 38560652, 38560139, 38560889]",129,1701970440,Three Decades of HTML,story,https://meyerweb.com/eric/thoughts/2023/12/06/three-decades-of-html/,
52,jjgreen,15.0,38542020,"[38559441, 38561279, 38566773, 38562084, 38562062, 38559376, 38558741, 38558688]",36,1701855562,Takeaway,story,https://notoneoffbritishisms.com/2023/12/05/takeaway-2/,
53,bbzjk7,10.0,38565038,"[38565542, 38566319, 38565967]",40,1702005474,Google's best Gemini demo was faked,story,https://techcrunch.com/2023/12/07/googles-best-gemini-demo-was-faked/,
54,vanschelven,157.0,38556188,"[38562337, 38565904, 38557155, 38567743, 38557207, 38557022, 38558085, 38561910, 38562687, 38566373, 38557293, 38557152, 38557074, 38563717, 38557198, 38557015, 38557233, 38557174, 38557160, 38567588, 38556970, 38563699, 38564278, 38557222, 38557063, 38556918, 38562760, 38556920, 38557113, 38565360, 38557135, 38557043, 38563491, 38563048, 38562509, 38556496, 38558118, 38561901, 38559975, 38564728, 38566063, 38557052, 38557000, 38557077, 38562494, 38563307, 38561849, 38558314, 38566098, 38557173, 38556944, 38558823, 38562457, 38557261, 38564162, 38557021, 38557313, 38558394, 38561904, 38557215, 38556865, 38564693, 38556706, 38560202, 38557240, 38563029, 38562839, 38564986, 38557717, 38556997, 38563661, 38561897, 38557154, 38557134, 38556984, 38563174, 38558868, 38558286, 38564038, 38566993]",157,1701956807,Ask HN: Books you read in 2023 and recommend for 2024?,story,,The year is coming to an end. Time to look back and reflect. What are the books you&#x27;ve read in 2023? Which books made you change your mind or you simply enjoyed? And which books would you recommend to others for 2024?
55,apsec112,230.0,38560041,"[38560100, 38561240, 38561516, 38561153, 38561405, 38562763, 38561026, 38561353, 38562233, 38563384, 38562236, 38561138, 38561022, 38561010, 38561218, 38564460, 38561629, 38566093, 38565294, 38563791, 38562007, 38561005, 38562134, 38560388, 38561016, 38560072, 38561273]",249,1701974428,OpenAI employees did not want to go work for Microsoft,story,https://www.businessinsider.com/openai-employees-did-not-want-to-work-for-microsoft-2023-12,
56,tosh,63.0,38555451,"[38557403, 38558587, 38557391, 38561750, 38560606, 38558060, 38560150, 38566177, 38557465]",70,1701950532,Terminal graphics protocol,story,https://sw.kovidgoyal.net/kitty/graphics-protocol/,
57,jdkee,55.0,38552267,"[38554326, 38553298, 38552271, 38556181, 38554401, 38557288]",78,1701917740,The extremely large telescope will transform astronomy,story,https://www.economist.com/interactive/science-and-technology/2023/12/06/the-extremely-telescope-will-trasform-astronomy,
58,NOWHERE_,42.0,38565926,"[38566446, 38566078, 38566041, 38566094, 38566033, 38566635, 38566103, 38566106]",155,1702015747,World of Goo 2,story,https://worldofgoo2.com/,
59,HunorBorbely,102.0,38556116,"[38559945, 38557879, 38557753, 38560768, 38557321, 38560084, 38558610, 38557878, 38560869, 38557439, 38561968, 38558833, 38557325, 38560658, 38560775, 38559584, 38561305, 38559547, 38560206, 38560904, 38562630, 38558337, 38560400, 38557339, 38558734]",451,1701956284,SVG Tutorial,story,https://svg-tutorial.com/,
60,breckenedge,10.0,38564196,"[38564564, 38564567, 38564880, 38564755]",46,1701998466,How to think about the OpenAI Q* rumors,story,https://www.understandingai.org/p/how-to-think-about-the-openai-q-rumors,
61,erohead,857.0,38531759,"[38535524, 38534247, 38532944, 38538582, 38533173, 38537173, 38534213, 38532894, 38540943, 38539775, 38535879, 38537974, 38538934, 38531948, 38540586, 38532480, 38532261, 38534834, 38532484, 38532144, 38543470, 38532964, 38565027, 38537522, 38532915, 38532496, 38534264, 38534163, 38534006, 38537791, 38532707, 38539001, 38541130, 38534281, 38533304, 38537909, 38532793, 38538295, 38536658, 38537649, 38534174, 38543345, 38535468, 38538636, 38533399, 38534545, 38548628, 38533368, 38531916, 38535342, 38534598, 38532616, 38538885, 38536418, 38536882, 38541248, 38536483, 38536964, 38534840, 38533261, 38540363, 38540237, 38532078, 38534186, 38538473, 38563027, 38539899, 38536632, 38533663, 38536638, 38535961, 38536088, 38531892, 38542023, 38540119, 38554916, 38536973, 38537257, 38541088, 38534947, 38537570, 38540772, 38532272, 38537693, 38536151, 38545775, 38532846, 38533050, 38533016, 38534727, 38540279, 38539124, 38538861, 38536603, 38535365, 38540475, 38535406, 38532989, 38535854, 38532825, 38538717, 38535855, 38532055, 38537127, 38544090, 38536590, 38534058, 38535668, 38536454, 38536220, 38534090, 38532210, 38536272, 38540520, 38538750, 38539314, 38543240, 38537677, 38532187, 38536506, 38533179, 38539843, 38537441, 38540354, 38535220, 38535173, 38542246, 38536306, 38541429, 38537183, 38542484, 38536092, 38537456, 38540087, 38540215, 38534571, 38544424, 38537787, 38536573, 38537275, 38543435, 38532477, 38533283, 38534517, 38534521, 38533638, 38536216, 38533662, 38534367, 38540184, 38539261, 38539296]",1479,1701788781,Show HN: Beeper Mini – iMessage client for Android,story,https://www.beeper.com/,"Hi HN! I’m proud to share that we have built a real 3rd party iMessage client for Android. We did it by reverse engineering the iMessage protocol and encryption system. It&#x27;s available to download today (no waitlist): <a href=""https:&#x2F;&#x2F;play.google.com&#x2F;store&#x2F;apps&#x2F;details?id=com.beeper.ima"">https:&#x2F;&#x2F;play.google.com&#x2F;store&#x2F;apps&#x2F;details?id=com.beeper.ima</a> and there&#x27;s a technical writeup here: <a href=""https:&#x2F;&#x2F;blog.beeper.com&#x2F;p&#x2F;how-beeper-mini-works"">https:&#x2F;&#x2F;blog.beeper.com&#x2F;p&#x2F;how-beeper-mini-works</a>.<p>Unlike every other attempt to build an iMessage app for Android (including our first gen app), Beeper Mini does not use a Mac server relay in the cloud. The app connects directly to Apple servers to send and receive end-to-end encrypted messages. Encryption keys never leave your device. No Apple ID is required. Beeper does not have access to your Apple account.<p>With Beeper Mini, your Android phone number is registered on iMessage. You show up as a ‘blue bubble’ when iPhone friends text you, and can join real iMessage group chats. All chat features like typing status, read receipts, full resolution images&#x2F;video, emoji reactions, voice notes, editing&#x2F;unsending, stickers etc are supported.<p>This is all unprecedented, so I imagine you may have a lot of questions. We’ve written a detailed technical blog post about how Beeper Mini works: <a href=""https:&#x2F;&#x2F;blog.beeper.com&#x2F;p&#x2F;how-beeper-mini-works"">https:&#x2F;&#x2F;blog.beeper.com&#x2F;p&#x2F;how-beeper-mini-works</a>. A team member has published an open source Python iMessage protocol PoC on Github: <a href=""https:&#x2F;&#x2F;github.com&#x2F;JJTech0130&#x2F;pypush"">https:&#x2F;&#x2F;github.com&#x2F;JJTech0130&#x2F;pypush</a>. You can try it yourself on any Mac&#x2F;Windows&#x2F;Linux computer and see how iMessage works. My cofounder and I are also here to answer questions in the comments.<p>Our long term vision is to build a universal chat app (<a href=""https:&#x2F;&#x2F;blog.beeper.com&#x2F;p&#x2F;were-building-the-best-chat-app-on"">https:&#x2F;&#x2F;blog.beeper.com&#x2F;p&#x2F;were-building-the-best-chat-app-on</a>). Over the next few months, we will be adding support for SMS&#x2F;RCS, WhatsApp, Signal and 12 other chat networks into Beeper Mini. At that point, we’ll drop the `Mini` postfix. We’re also rebuilding our Beeper Desktop and iOS apps to support our new ‘client-side bridge’ architecture that preserves full end-to-end encryption. We’re also renaming our first gen apps to ‘Beeper Cloud’ to more clearly differentiate them from Beeper Mini.<p>Side note: many people always ask ‘what do you think Apple is going to do about this?’ To be honest, I am shocked that everyone is so shocked by the sheer existence of a 3rd party iMessage client. The internet has always had 3rd party clients! It’s almost like people have forgotten that iChat (the app that iMessage grew out of) was itself a multi-protocol chat app! It supported AIM, Jabber and Google talk. Here’s a blast from the past: <a href=""https:&#x2F;&#x2F;i.imgur.com&#x2F;k6rmOgq.png"" rel=""nofollow noreferrer"">https:&#x2F;&#x2F;i.imgur.com&#x2F;k6rmOgq.png</a>."
62,cs702,23.0,38556669,"[38560001, 38560295, 38559232, 38565513, 38559372, 38557700, 38559775, 38557537, 38558037]",80,1701959193,Efficient parallelization of an ubiquitous sequential computation,story,https://arxiv.org/abs/2311.06281,
63,nliang86,36.0,38555629,"[38557114, 38557260, 38557881, 38559611, 38564718, 38556594, 38556467, 38559152, 38557062, 38556634, 38556802, 38557289, 38558963, 38559525, 38558899, 38556503, 38557249, 38559823, 38559592, 38561304]",48,1701952215,Show HN: VideoGist – Useful YouTube video summaries,story,https://www.videogist.co/,"Hi all! I put together a website that summarizes youtube videos.<p>Enter any YouTube URL, and it will give you an overall summary, individual chapter summaries, along with key video frames.<p>Here are a few examples:<p><a href=""https:&#x2F;&#x2F;www.videogist.co&#x2F;videos&#x2F;tips-for-technical-startup-founders-startup-school-9"" rel=""nofollow noreferrer"">https:&#x2F;&#x2F;www.videogist.co&#x2F;videos&#x2F;tips-for-technical-startup-f...</a><p><a href=""https:&#x2F;&#x2F;www.videogist.co&#x2F;videos&#x2F;openai-devday-opening-keynote-6"" rel=""nofollow noreferrer"">https:&#x2F;&#x2F;www.videogist.co&#x2F;videos&#x2F;openai-devday-opening-keynot...</a><p><a href=""https:&#x2F;&#x2F;www.videogist.co&#x2F;videos&#x2F;cbs-evening-news-full-episode-december-1-5"" rel=""nofollow noreferrer"">https:&#x2F;&#x2F;www.videogist.co&#x2F;videos&#x2F;cbs-evening-news-full-episod...</a><p><a href=""https:&#x2F;&#x2F;www.videogist.co&#x2F;videos&#x2F;the-best-easy-miso-salmon-recipe-3"" rel=""nofollow noreferrer"">https:&#x2F;&#x2F;www.videogist.co&#x2F;videos&#x2F;the-best-easy-miso-salmon-re...</a><p>I&#x27;d love to hear feedback - if it&#x27;s useful (or not!), what could be improved, etc. Thanks for taking a look!<p>p.s. it can take a few seconds for summary content to show up - I am working to speed it up"
64,neustradamus,0.0,38565323,,11,1702008439,"Alpine Linux 3.19.0 – A security-oriented, lightweight Linux distribution",story,https://alpinelinux.org/posts/Alpine-3.19.0-released.html,
65,redfast00,141.0,38550026,"[38550696, 38550287, 38551528, 38550601, 38557619, 38556382, 38550420, 38552740, 38551666, 38550637, 38550282, 38556428, 38551256, 38550550, 38551210, 38552145, 38560459, 38554845, 38560481, 38557814]",276,1701899434,Unveiling secrets of the ESP32: creating an open-source MAC layer,story,https://zeus.ugent.be/blog/23-24/open-source-esp32-wifi-mac/,
66,greghn,1.0,38553624,[38562746],13,1701932110,Partitioned consensus and its impact on Spanner's latency,story,http://dbmsmusings.blogspot.com/2018/12/partitioned-consensus-and-its-impact-on.html,
67,PaulHoule,5.0,38557588,"[38560069, 38560225, 38558739]",61,1701963679,Efficient Transformer Knowledge Distillation: A Performance Review,story,https://arxiv.org/abs/2311.13657,
68,BramLovesYams,6.0,38555834,"[38560653, 38560298, 38562442]",24,1701954085,Mozilla Launching a Public Voice Dataset,story,https://commonvoice.mozilla.org/,
69,passwordoops,161.0,38556456,"[38557237, 38557224, 38557209, 38557916, 38557931, 38556994, 38560398, 38558315, 38558986, 38557363, 38557006, 38559228, 38556846, 38561180, 38557734, 38561236, 38557218, 38556951, 38559259, 38558717, 38556848, 38557556, 38557115, 38557508, 38557028]",317,1701957979,Lithium “shortage” bubble implodes again,story,https://wolfstreet.com/2023/11/23/lithium-shortage-bubble-implodes-once-again-as-demand-and-production-both-surged/,
70,Wowfunhappy,52.0,38556636,"[38558091, 38557050, 38558382, 38559148, 38560731, 38558061, 38561420, 38557435, 38562893, 38564625, 38558648, 38559398, 38559172, 38560793, 38562157, 38560932, 38559484]",146,1701959014,How the first gen iPod was reverse engineered to run Rockbox,story,https://mastodon.social/@bagder/111538350617290554,
71,typest,94.0,38550675,"[38553117, 38551740, 38552543, 38552066, 38553431, 38552986, 38551058, 38551467, 38554841, 38553319, 38551382, 38552005, 38554881, 38553751, 38553762, 38552139, 38551089, 38554213, 38551911, 38553129, 38551167]",223,1701903620,Long context prompting for Claude 2.1,story,https://www.anthropic.com/index/claude-2-1-prompting,
72,tosh,163.0,38560345,"[38565179, 38561434, 38562254, 38561323, 38560915, 38561352, 38561521, 38560845, 38561024, 38561663, 38560594, 38561527, 38564750, 38561648, 38561833, 38560704, 38560767, 38560687, 38560916, 38560627, 38561038, 38562510, 38563200, 38562055, 38561628, 38562245, 38560757, 38561262, 38560728, 38560830, 38566310, 38560887, 38561400, 38563958, 38560711, 38560689, 38561071, 38560901]",105,1701975708,95%-ile isn't that good (2020),story,https://danluu.com/p95-skill/,
73,BramLovesYams,45.0,38566840,"[38567052, 38567346, 38567931, 38567407, 38567215, 38567831, 38567462, 38567620, 38567429, 38567185, 38566973, 38567660, 38567248, 38567260, 38567262, 38567100]",88,1702026133,Apple and Google Monitor Notifications. We Need Push Notification Alternatives,story,https://tuta.com/blog/open-source-email-fdroid,
74,tosh,170.0,38543229,"[38545555, 38549145, 38544537, 38544881, 38546605, 38546010, 38548287, 38543989, 38543593, 38551257, 38561722, 38544223, 38548599, 38544773, 38549885, 38544326, 38545939, 38548093, 38544144, 38547693, 38543752, 38544031, 38560656, 38549784, 38545116, 38550429]",398,1701867509,Mold Course,story,https://www.epa.gov/mold/mold-course-introduction,
75,fortran77,71.0,38540796,"[38556198, 38555165, 38563635, 38555931, 38555714, 38555908, 38556026, 38556933, 38557252, 38555993, 38556259, 38555500, 38556888, 38556830, 38556125]",41,1701841304,An existential problem in the search for alien life,story,https://www.theatlantic.com/science/archive/2023/12/defining-life-existentialism-scientific-theory/676238/,
76,coloneltcb,154.0,38562726,"[38563527, 38563311, 38564115, 38563317, 38563636, 38563799, 38563376, 38563253, 38565917, 38563241, 38566604, 38564302, 38567062, 38563503, 38563246, 38563700, 38564311, 38563818, 38564130, 38564898, 38563366]",366,1701988440,"Google calls Drive data loss ""fixed,"" locks forum threads saying otherwise",story,https://arstechnica.com/gadgets/2023/12/google-calls-drive-data-loss-fixed-locks-forum-threads-saying-otherwise/,
77,beardyw,0.0,38567758,,3,1702035034,Chinese boffins pitch quadcopter for Mars sample return mission,story,https://www.theregister.com/2023/12/07/chinese_mars_quadcopter/,
78,Leary,215.0,38559770,"[38559920, 38562366, 38561190, 38562651, 38563662, 38560261, 38563212, 38566183, 38564559, 38564345, 38560438, 38560531, 38564455, 38561943, 38567158, 38563499, 38561816, 38565720, 38562754, 38562632, 38562960, 38562719]",137,1701973076,Helen Toner shares her side,story,https://www.wsj.com/tech/ai/helen-toner-openai-board-2e4031ef,
79,xena,43.0,38550408,"[38551652, 38552734, 38550854, 38551212, 38556750, 38566263, 38551422, 38554641, 38551029, 38550974, 38550806, 38554663, 38550947, 38551496]",256,1701901966,Gordon Freeman at the Olympic Games,story,https://moonbase.lgbt/blog/100m-accelerated-backhopping/,
80,mooreds,3.0,38558794,"[38562122, 38559526]",12,1701968449,Canopy is an open-source Retrieval Augmented Generation (RAG) framework,story,https://github.com/pinecone-io/canopy,
81,pjmlp,0.0,38566465,,4,1702022289,"Chromebooks are problematic for profits and planet, says Lenovo exec",story,https://www.theregister.com/2023/12/07/chromebooks_are_problematic_for_profits/,
82,beardyw,83.0,38542556,"[38556860, 38555679, 38557701, 38561167, 38559467, 38560543, 38556600, 38556305, 38555664, 38555669]",103,1701862139,Until the 14th century women dominated the field of beer brewing,story,https://daily.jstor.org/a-pint-for-the-alewives/,
83,v-yadli,40.0,38541901,"[38564025, 38546748, 38566514, 38562175, 38566481, 38566396, 38563067, 38562952, 38542097, 38563705, 38562155, 38564908, 38563086]",46,1701854364,The first electro-mechanical desktop synthesizer,story,https://gamechangeraudio.com/motor-synth-mkii/,
84,zxexz,2.0,38559299,[38561208],24,1701970711,GateLoop: Data-Controlled Linear Recurrence for Sequence Modeling,story,https://arxiv.org/abs/2311.01927,
85,PaulHoule,5.0,38540219,"[38558465, 38558714]",46,1701833687,"New calf brings new hope, and new concerns, for embattled Sumatran rhinos",story,https://news.mongabay.com/2023/11/new-calf-brings-new-hope-and-new-concerns-for-embattled-sumatran-rhinos/,
86,PaulHoule,4.0,38555854,"[38567022, 38561698, 38562409]",12,1701954252,TAST-E is an animatronic robot head with a sense of taste and smell,story,https://blog.arduino.cc/2023/11/28/tast-e-is-an-animatronic-robot-head-with-a-sense-of-taste-and-smell/,
87,dam11,50.0,38556450,"[38558509, 38557305, 38556794, 38556986, 38557248, 38556946, 38557982, 38559571, 38557124, 38556714, 38559668, 38558386, 38559952, 38559798, 38557046, 38560380, 38557024, 38557122, 38559688]",52,1701957947,Show HN: Recompyle – A JavaScript developer-friendly console / debugger,story,https://www.recompyle.com/,"Hi HN, I&#x27;m Damien, the solo founder of Recompyle. Self-funded.<p>As a JavaScript developer, I have been annoyed by the console.log not being practical enough, and the debugger being &#x27;too slow&#x27;. So I made Recompyle to fix that.<p>It&#x27;s kind of a mix of the console and the debugger. Plus, some file parsing to automatically log the start of the functions of the files you are working on."
88,alexandernl,4.0,38556853,"[38567323, 38559508, 38561885, 38557312]",44,1701960079,I turned Hacker News top stories into AI art on your wall,story,https://alexanderklopping.medium.com/i-turned-hacker-news-top-stories-into-ai-art-on-your-wall-97c814873b63,
89,tosh,54.0,38538144,"[38553236, 38554258, 38553388, 38556179, 38553742, 38554047, 38553358, 38559462, 38553486, 38557776, 38553907]",148,1701817194,Untrusted Device Encryption,story,https://docs.syncthing.net/specs/untrusted.html,
90,rntn,8.0,38557263,"[38558750, 38558912, 38562819]",61,1701962150,Senator Sends Automakers Letter Criticizing Their Nonexistent Privacy Standards,story,https://www.techdirt.com/2023/12/07/senator-markey-sends-automakers-a-letter-criticizing-their-nonexistent-privacy-standards/,
91,teleforce,24.0,38555555,"[38557751, 38561647, 38560281, 38560391, 38557373]",44,1701951487,100Gbps RF Sample Offload for RFSoC Using GNU Radio and PYNQ,story,https://strathprints.strath.ac.uk/86118/,
92,toomuchtodo,22.0,38563418,"[38564160, 38564450, 38564810, 38566139, 38563989, 38566932, 38564002]",34,1701992826,Stop Demanding Dumb Answers to Hard Questions,story,https://popehat.substack.com/p/stop-demanding-dumb-answers-to-hard,
93,danboarder,11.0,38563588,"[38566428, 38565167, 38564184]",32,1701993775,Climate Conference Head Happens to Be an Oil Exec Says Fossil Fuels Are Fine,story,https://futurism.com/climate-conference-oil-exec-fossil-fuels,
94,belter,4.0,38557480,"[38558505, 38559280]",62,1701963251,NASA's Psyche Delivers First Images and Other Data,story,https://www.jpl.nasa.gov/news/nasas-psyche-delivers-first-images-and-other-data,
95,swiftlyTyped,67.0,38545207,"[38547902, 38548310, 38546353, 38549371, 38547105, 38550101, 38547719, 38545350, 38545386, 38547848, 38545337, 38547574, 38549482, 38545291, 38547652, 38548103, 38549304, 38545504, 38549204, 38545208, 38549995, 38547088]",191,1701876941,Show HN: CopilotKit- Build in-app AI chatbots and AI-powered textareas,story,https://github.com/CopilotKit/CopilotKit,
96,rascul,76.0,38551809,"[38552922, 38558049, 38552995, 38553537, 38552953, 38552880, 38558603, 38554269, 38553224, 38553354, 38555843, 38556982, 38552680]",83,1701913087,Five-Disk Floppy RAID: 4MB of Blistering Fast Storage (2009),story,https://www.wired.com/2009/05/five-disk-floppy-raid-4mb-of-blistering-fast-storage/,
97,benbreen,27.0,38553259,"[38554271, 38555630, 38554664, 38556716, 38553546, 38556135, 38556953, 38554365, 38555815, 38559805, 38554676, 38555718]",63,1701927885,Cabinets of curiosities laid the foundation for modern museums,story,https://www.smithsonianmag.com/history/how-cabinets-of-curiosities-laid-the-foundation-for-modern-museums-180983265/,
98,nerdo,13.0,38559740,"[38562892, 38562138, 38565972, 38564469]",28,1701972894,Hot Dog Linux,story,http://hotdoglinux.com/,
99,pulisse,1.0,38560746,[38560960],9,1701977515,Personal Data Is Under Siege. End-to-End Encryption Is Our Most Powerful Defense,story,https://www.lawfaremedia.org/article/personal-data-in-the-cloud-is-under-siege.-end-to-end-encryption-is-our-most-powerful-defense,
